model,first_detection,minutes_warning,precision,recall,f1
Threshold  (battery < 15%),4023,97,1.0,0.9354807692307693,0.9666650106811069
Isolation Forest,4076,44,0.9594229035166817,0.10230769230769231,0.18489877487183942
LSTM Autoencoder,4036,84,1.0,0.9848076923076923,0.9923457029357621
